name,P_bar
PI032-04-01,4104.410589
PI032-04-02,4231.966408
PI041-02-02,1956.244091
PI041-03-01,3548.843351
PI041-03-03,3500.514426
PI041-05-04,1386.274577
PI041-05-06,2512.013195
PI041-07-01,3668.361134
PI041-07-02,2449.116051
PI052-01-02,1404.218415